date,match,market,pick,odds,stake,model_p,market_p,status,score,note
2026-10-05,PARIVISION – FURIA,Матч,PARIVISION,2.80,1,0.485,0.35,проигрыш,1:2,вето Ancient/Mirage/Inferno; новый состав PV
2026-10-05,Legacy – 1win,Матч,Legacy,1.68,1.5,0.71,0.56,проигрыш,0:2,стендин bobz вместо arT
2026-10-05,M80 – TYLOO,Матч,M80,1.85,0,0.64,0.50,пропуск,2:1,"после вето перевес +2–8%: ставить только от 1.90; победили M80 (Mirage 10-13, Cache 13-7, Anubis 13-8): ставка по 1.85 зашла бы"
2026-10-05,Spirit – MOUZ,Матч,Spirit,1.50,0,0.68,0.615,пропуск,0:2,"тотал 58.5Б по 2.1, 2:1 по 3.1, фора MOUZ +1.5 по 1.48 — тоже пропуск; победили MOUZ (Dust2 5-13, Mirage 11-13): пропуск верный для Spirit, MOUZ по 2.4 зашли бы"
2026-10-05,Spirit – MOUZ,Карта 2 (Mirage),MOUZ,2.10,0,0.45,0.45,пропуск,11:13,ставка от 2.35; MOUZ взяли Mirage: по 2.1 зашла бы
2026-10-05,Vitality – Falcons,Матч,Vitality,1.50,0,0.61,0.615,пропуск,2:1,"победили Vitality (со слов Сергея); пропуск по 1.50 верный, перевеса не было"
2026-10-06,Spirit – 1win,Фора 1win +1.5 по картам,1win,2.35,1,0.55,0.40,ждёт,,"вместо победы 1win по 6.1: даже если рынок прав в силе Spirit, ставка около нуля; модель 50–61%"
2026-10-06,PARIVISION – G2,Матч,G2,1.62,0,0.60,0.57,пропуск,,PV 2.15 (вчера 2.1/1.7); G2 брать от 1.80
2026-10-06,FURIA – Aurora,Матч,Aurora,2.10,0,0.49,0.44,пропуск,,FURIA 1.65; Aurora брать от 2.25
2026-10-06,9z – BetBoom,Матч,BetBoom,1.58,0,0.565,0.582,пропуск,,9z 2.2; BetBoom брать от 1.83
2026-10-06,Falcons – NaVi,Матч,Falcons,1.55,0,0.643,0.597,пропуск,,NaVi 2.3; Falcons брать от 1.70
2026-10-06,Legacy – M80,Матч,Legacy,1.65,0,0.705,0.56,пропуск,,"M80 2.1; перевес +4% у порога, стендин bobz — пропуск"
