match_key,date,team1,team2,news1,news2,roster1,roster2,summary,team1_flags,team2_flags,edge
ESL/Pro League/Season 24#31,2026-10-07,PARIVISION,Natus Vincere,"[{""date"": ""2026-10-06"", ""title"": ""PARIVISION eliminate G2 from EPL S24"", ""text"": ""huNter-'s troops bow out of the tournament with a dissapointing 1-3 record."", ""link"": ""https://www.hltv.org/news/45651/parivision-eliminate-g2-from-epl-s24"", ""source"": ""HLTV""}, {""date"": ""2026-10-06"", ""title"": ""HeavyGod: \""We need to check why our level was so low this event\"""", ""text"": ""G2's run of playoff apperances crashed to a halt against PARIVISION in Poland."", ""link"": ""https://www.hltv.org/news/45652/heavygod-we-need-to-check-why-our-level-was-so-low-this-event"", ""source"": ""HLTV""}, {""date"": ""2026-10-06"", ""title"": ""Final group stage matchups set at EPL S24"", ""text"": ""NAVI and PARIVISION will face off for the final spot in the Spodek."", ""link"": ""https://www.hltv.org/news/45659/final-group-stage-matchups-set-at-epl-s24"", ""source"": ""HLTV""}, {""date"": ""2026-10-06"", ""title"": ""zweih vê nova PARIVISION com menos mira, mas muito mais experiente"", ""text"": ""интервью: zweih"", ""link"": ""https://www.dust2.com.br/noticias/78609/zweih-ve-nova-parivision-com-menos-mira-mas-muito-mais-experiente"", ""source"": ""Dust2.com.br""}, {""date"": ""2026-10-04"", ""title"": ""BELCHONOKK: \""I feel much more comfortable now; in PARIVISION we had high expectations\"""", ""text"": ""1win have put BELCHONOKK in star roles and he delivered against G2 with a 100 ADR decider."", ""link"": ""https://www.hltv.org/news/45632/belchonokk-i-feel-much-more-comfortable-now-in-parivision-we-had-high-expectations"", ""source"": ""HLTV""}, {""date"": ""2026-10-04"", ""title"": ""BELCHONOKK: \""I feel much more comfortable now; in PARIVISION we had high expectations\"""", ""text"": ""интервью: BELCHONOKK"", ""link"": ""https://www.hltv.org/n/45632"", ""source"": ""HLTV""}, {""date"": ""2026-10-03"", ""title"": ""dastan: \""I try to play with HObbit to bring one more trophy for him\"""", ""text"": ""интервью: dastan"", ""link"": ""https://www.hltv.org/n/45622"", ""source"": ""HLTV""}]","[{""date"": ""2026-10-06"", ""title"": ""Final group stage matchups set at EPL S24"", ""text"": ""NAVI and PARIVISION will face off for the final spot in the Spodek."", ""link"": ""https://www.hltv.org/news/45659/final-group-stage-matchups-set-at-epl-s24"", ""source"": ""HLTV""}, {""date"": ""2026-10-06"", ""title"": ""Falcons outlast NAVI to secure EPL playoffs"", ""text"": ""A marathon three-mapper went the way of the karrigan-led team."", ""link"": ""https://www.hltv.org/news/45660/falcons-outlast-navi-to-secure-epl-playoffs"", ""source"": ""HLTV""}, {""date"": ""2026-10-05"", ""title"": ""NAVI to play Falcons on EPL S24 day three"", ""text"": ""Aleksib and company are in for another tough test."", ""link"": ""https://www.hltv.org/news/45649/navi-to-play-falcons-on-epl-s24-day-three"", ""source"": ""HLTV""}, {""date"": ""2026-10-04"", ""title"": ""Vitality beat NAVI as EPL S24 day two concludes"", ""text"": ""Vitality and Falcons will face off in a rematch of the Cologne Major quarter-finals for a spot in the playoffs."", ""link"": ""https://www.hltv.org/news/45635/vitality-beat-navi-as-epl-s24-day-two-concludes"", ""source"": ""HLTV""}, {""date"": ""2026-10-02"", ""title"": ""makazze: \""If you think about [the Major], you cannot focus on the tournament, because you will have a lot of pressure\"""", ""text"": ""интервью: makazze"", ""link"": ""https://www.hltv.org/n/45613"", ""source"": ""HLTV""}]","{""players"": ""BELCHONOKK,Jame,nota,xiELO,zweih"", ""notes"": ""nan""}","{""players"": ""b1t,Aleksib,iM,w0nderful,makazze"", ""notes"": ""July 8th - jL steps down from the active lineup due to personal reasons while makazze is promoted from the Natus Vincere Junior|academy team as his replacement.""}",,,,
ESL/Challenger League/Season 52/South America/Cup 3#0,2026-10-07,Galorys,Grêmio Esports,[],[],"{""players"": ""tomate,gbb,destiny,PKL,detr0ittJ"", ""notes"": ""nan""}","{""players"": ""flag=br,flag=br,flag=br,flag=br,souz4h"", ""notes"": ""nan""}",,,,
ESL/Challenger League/Season 52/South America/Cup 3#1,2026-10-07,Low Cortisol,Yawara E-Sports,[],[],"{""players"": ""stormzyn,flag=br,flag=br,flag=br,flag=br"", ""notes"": ""nan""}","{""players"": ""j0w,tele,deemO,r3kt,edv"", ""notes"": ""nan""}",,,,
ESL/Challenger League/Season 52/South America/Cup 3#2,2026-10-07,Isurus,MEIA NOITE,[],[],"{""players"": ""deco,atarax1a,Hezz,dott1,rzk"", ""notes"": ""nan""}","{""players"": ""link=abr (Brazilian player),nyezin,bsd,CutzMeretz,team=mibr academy"", ""notes"": ""nan""}",,,,
ESL/Challenger League/Season 52/South America/Cup 3#3,2026-10-07,QUINTESSÊNCIA,ex-Keyd Stars,[],[],"{""players"": ""flag=br,flag=br,flag=br,edv,flag=br"", ""notes"": ""nan""}","{""players"": ""lash,xureba,zede,ckzao,drg"", ""notes"": ""nan""}",,,,
ESL/Challenger League/Season 52/South America/Cup 3#4,2026-10-07,Bounty Hunters Esports,Procyon Team,[],[],"{""players"": ""KAISER,link=zock (Uruguayan player),fREQ,ponter,pepe"", ""notes"": ""nan""}","{""players"": ""pavv+,lenci,flag=ar,flag=ar,laser"", ""notes"": ""nan""}",,,,
ESL/Challenger League/Season 52/South America/Cup 3#5,2026-10-07,BESTIA,Alka Esports,[],[],"{""players"": ""tomaszin,cass1n,timo,buda,nacho"", ""notes"": ""nan""}","{""players"": ""flag=br,proSHOW,vinaabEAST,cerolzin,bnc"", ""notes"": ""nan""}",,,,
ESL/Challenger League/Season 52/South America/Cup 3#6,2026-10-07,Turma do Pagode,BORRACHEIROS,[],[],"{""players"": ""naitte,WOOD7,ksloks,Tuurtle,matios"", ""notes"": ""nan""}","{""players"": ""flag=br,flag=br,flag=br,flag=br,flag=br"", ""notes"": ""nan""}",,,,
ESL/Challenger League/Season 52/South America/Cup 3#7,2026-10-07,Metanoia Wolves,LargadosyPelados,[],[],"{""players"": ""spinnie,flag=br,flag=br,flag=br,flag=br"", ""notes"": ""nan""}","{""players"": ""happ,zmb,Leomonster,link=divine (Brazilian player),Alisson"", ""notes"": ""nan""}",,,,
CCT/2026/Europe/Series 10#37,2026-10-07,Iberian Soul,ex-RUSTEC,[],[],"{""players"": ""mopoz,dav1g,sausol,link=alex (Spanish player),CRUC1AL"", ""notes"": ""August 7 - Iberian Soul reforms after Gentle Mates part ways with their lineup.""}","{""players"": ""Brilliance,jakekeS,youka,team=sangal,team=team nemesis"", ""notes"": ""nan""}",,,,
CCT/2026/Europe/Series 11/Play-In#6,2026-10-07,Noir Verse,Fire Flux Esports,[],[],"{""players"": ""flag=ua,flag=ua,flag=lt,flag=ua,flag=ua"", ""notes"": ""nan""}","{""players"": ""Cizzx,link=Quality (Turkish player),xEternaLxx,zemix,zer0UKY"", ""notes"": ""nan""}",,,,
ESL/Pro League/Season 24#32,2026-10-07,Team Spirit,M80,"[{""date"": ""2026-10-06"", ""title"": ""1win stun Spirit to reach ESL Pro League playoffs"", ""text"": ""A third consecutive victory sends 1win into the last eight and strengthens their Singapore Major hopes."", ""link"": ""https://www.hltv.org/news/45620/1win-stun-spirit-to-reach-esl-pro-league-playoffs"", ""source"": ""HLTV""}, {""date"": ""2026-10-05"", ""title"": ""torzsi: \""StarSeries was a nice slap in the face\"""", ""text"": ""MOUZ are back in form for Pro League as they beat Spirit for the second time this season."", ""link"": ""https://www.hltv.org/news/45643/torzsi-starseries-was-a-nice-slap-in-the-face"", ""source"": ""HLTV""}, {""date"": ""2026-10-05"", ""title"": ""MOUZ hand Spirit first Swiss group stage loss in 668 days to make EPL playoffs"", ""text"": ""Spirit's run of 32 straight wins in Swiss groups has come to an end."", ""link"": ""https://www.hltv.org/news/45644/mouz-hand-spirit-first-swiss-group-stage-loss-in-668-days-to-make-epl-playoffs"", ""source"": ""HLTV""}, {""date"": ""2026-10-03"", ""title"": ""ivz sobre Spirit: \""Acharam que não ganharíamos nem 10 rounds e tiramos um mapa\"""", ""text"": ""интервью: ivz"", ""link"": ""https://www.dust2.com.br/noticias/78504/ivz-sobre-spirit-acharam-que-nao-ganhariamos-nem-10-rounds-e-tiramos-um-mapa"", ""source"": ""Dust2.com.br""}]","[{""date"": ""2026-10-06"", ""title"": ""Swisher: \""Everyone is hoping that Valve rethink their stance on the stickers\"""", ""text"": ""M80 have clinched the Major, but there's a nervous wait before they find out how lucrative their ticket might be."", ""link"": ""https://www.hltv.org/news/45658/swisher-everyone-is-hoping-that-valve-rethink-their-stance-on-the-stickers"", ""source"": ""HLTV""}, {""date"": ""2026-10-06"", ""title"": ""M80 eliminate arT-less Legacy from EPL"", ""text"": ""The Brazilian team struggled in Katowice without their captain."", ""link"": ""https://www.hltv.org/news/45657/m80-eliminate-art-less-legacy-from-epl"", ""source"": ""HLTV""}, {""date"": ""2026-10-06"", ""title"": ""Swisher: \""Everyone is hoping that Valve rethink their stance on the stickers\"""", ""text"": ""интервью: Swisher"", ""link"": ""https://www.hltv.org/n/45658"", ""source"": ""HLTV""}, {""date"": ""2026-10-05"", ""title"": ""M80 send TYLOO home from EPL S24"", ""text"": ""A dominant Anubis performance keeps s1n's troops alive in Katowice."", ""link"": ""https://www.hltv.org/news/45645/m80-send-tyloo-home-from-epl-s24"", ""source"": ""HLTV""}, {""date"": ""2026-10-01"", ""title"": ""s1n: \""When you look at some rounds we pulled them out of our ass this tournament\"""", ""text"": ""интервью: s1n"", ""link"": ""https://www.dust2.us/news/78429/s1n-when-you-look-at-some-rounds-we-pulled-them-out-of-our-ass-this-tournament"", ""source"": ""Dust2.us""}, {""date"": ""2026-09-28"", ""title"": ""slaxz-: \""Mirage is still an S-tier map for us. I think we are insane on it\"""", ""text"": ""интервью: slaxz-"", ""link"": ""https://www.dust2.us/news/78328/slaxz-mirage-is-still-an-s-tier-map-for-us-i-think-we-are-insane-on-it"", ""source"": ""Dust2.us""}, {""date"": ""2026-09-26"", ""title"": ""Swisher on JBa: \""When he's on, he's on, it's just the fine line of getting him in the game\"""", ""text"": ""интервью: Swisher"", ""link"": ""https://www.dust2.us/news/78260/swisher-on-jba-when-hes-on-hes-on-its-just-the-fine-line-of-getting-him-in-the-game"", ""source"": ""Dust2.us""}]","{""players"": ""chopper,donk,sh1ro,zweih,tN1R"", ""notes"": ""September 8th - Team Spirit bench zont1x and acquire tN1R from HEROIC .""}","{""players"": ""Swisher,slaxz-,s1n,Lake,JBa"", ""notes"": ""nan""}",,,,
1win Private Club/2/Qualifier#2,2026-10-07,K27,Metizport,[],[],"{""players"": ""kashl1d,xeedo,qw1nk1,X5G7V,clax"", ""notes"": ""nan""}","{""players"": ""Plopski,MaiL09,forsyy,stanislaw,F1KU"", ""notes"": ""July 1st - Metizport part ways with isak following the expiration of his contract. | July 10th - Metizport reinstate MaiL09 into the starting lineup.""}",,,,
ESL/Challenger League/Season 52/North America/Cup 3#0,2026-10-07,EMPIRE,DETONATE,[],[],{},"{""players"": ""tatm,flag=us,flag=us,CrePoW,Feral"", ""notes"": ""nan""}",,,,
ESL/Challenger League/Season 52/North America/Cup 3#1,2026-10-07,Villainous,FarmVille,[],[],"{""players"": ""flag=ca,flag=us,flag=ca,flag=us,flag=us"", ""notes"": ""nan""}","{""players"": ""BeaKie,flag=us,calamity,flag=kz,N2o"", ""notes"": ""nan""}",,,,
ESL/Challenger League/Season 52/North America/Cup 3#2,2026-10-07,ex-Reign Above,Overtake Sector,[],[],"{""players"": ""Nifty,flag=us,flag=us,flag=us,flag=us"", ""notes"": ""nan""}","{""players"": ""intra,LEARSI,jason,flag=us,flag=us"", ""notes"": ""nan""}",,,,
ESL/Challenger League/Season 52/North America/Cup 3#3,2026-10-07,regain,Day Traders,[],[],"{""players"": ""Zucar,sasha,grape,fuzenko,z0mb1e"", ""notes"": ""nan""}","{""players"": ""flag=us,flag=us,flag=us,flag=ua,flag=us"", ""notes"": ""nan""}",,,,
ESL/Challenger League/Season 52/North America/Cup 3#4,2026-10-07,Wanted Goons,Iowa Stormboar,[],[],"{""players"": ""flag=us,flag=us,flag=us,flag=us,flag=us"", ""notes"": ""October 4th - Wanted Goons sign LUKE4k.""}","{""players"": ""TyRa,Scorchyy,aelor,flag=us,H0NeST"", ""notes"": ""nan""}",,,,
ESL/Challenger League/Season 52/North America/Cup 3#5,2026-10-07,Zomblers,Club 333,[],[],"{""players"": ""CoolComs,CAJUN,Pose1doNN,flag=us,team=sportsbetexpert"", ""notes"": ""nan""}","{""players"": ""Marro,SecretAgent,kobruh,flag=mx,flag=mx"", ""notes"": ""nan""}",,,,
ESL/Challenger League/Season 52/North America/Cup 3#6,2026-10-07,OverKnight,Desi Boyz,[],[],"{""players"": NaN, ""notes"": ""nan""}","{""players"": ""Momo,Pluto,mason,flag=pk,flag=pk"", ""notes"": ""nan""}",,,,
NODWIN Gaming/Clutch Series/13/Play-In#10,2026-10-08,lavked,Fortress Esport,[],[],"{""players"": NaN, ""notes"": ""nan""}","{""players"": ""flag=dk,flag=dk,flag=dk,flag=dk,flag=dk"", ""notes"": ""nan""}",,,,
CCT/2026/Europe/Series 11/Play-In#2,2026-10-08,los kogutos,ILLYRIANS,[],[],"{""players"": ""AdrieN,maaryy,Markoś,tomiko,hotd0g,status=sub,status=sub"", ""notes"": ""nan""}","{""players"": ""ammar,BledarD,cerber,flag=xk,rosoneriii"", ""notes"": ""nan""}",,,,
CCT/2026/Europe/Series 10#33,2026-10-08,Acend,ex-Zero Tenacity,[],[],"{""players"": ""SPELLAN,Skrimo,KalubeR,h4rn,REDSTAR"", ""notes"": ""nan""}","{""players"": ""brutmonster,Cjoffo,aVN,emi,Kind0,status=sub"", ""notes"": ""nan""}",,,,
1win Private Club/2/Qualifier#7,2026-10-08,33,GamerLegion,[],[],"{""players"": ""kinqie,executor,z1Nny,bluewh1te,flag=ru"", ""notes"": ""August 7th - 33 part ways with KIRO.""}","{""players"": ""Tauson,hypex,Snax,FL4MUS,team=ence"", ""notes"": ""September 17th - kRaSnaL stands in for REZ who misses the event due to food poisoning.""}",,,,
NODWIN Gaming/Clutch Series/13/Play-In#15,2026-10-08,Enjoy,6666 Esports,[],[],"{""players"": ""link=nbl (Russian player),flag=ru,flag=ru,reyoz,flag=ru"", ""notes"": ""nan""}","{""players"": ""flag=ua,flag=md,rendysky,amster,kL1o"", ""notes"": ""July 18th - 6666 Esports sign rendysky, amster, and Player|kL1o|flag=ua .""}",,,,
CCT/2026/Europe/Series 10#39,2026-10-08,Nemiga Gaming,lavked,"[{""date"": ""2026-10-04"", ""title"": ""Astralis beat Nemiga to win Stake Ranked Episode 4 and lift first LAN trophy since 2019"", ""text"": ""The Danish-majority lineup won the $100,000 event after an incredible lower bracket run."", ""link"": ""https://www.hltv.org/news/45637/astralis-beat-nemiga-to-win-stake-ranked-episode-4-and-lift-first-lan-trophy-since-2019"", ""source"": ""HLTV""}]",[],"{""players"": ""1eeR,khaN,Sowalio,SYPH0,KaiR0N-"", ""notes"": ""nan""}","{""players"": NaN, ""notes"": ""nan""}",,,,
1win Private Club/2/Qualifier#6,2026-10-08,Team Nemesis,SINNERS Esports,[],[],"{""players"": ""SELLTER,Sdaim,tex1y,mag1k3Y,r3salt"", ""notes"": ""nan""}","{""players"": ""beastik,SHOCK,kisserek,stressarN,MoDo"", ""notes"": ""nan""}",,,,
NODWIN Gaming/Clutch Series/13/Play-In#16,2026-10-08,Azuolas,Misa Esports,[],[],"{""players"": ""maty,yakuza,MAGILA,flag=lt,flag=lt,status=sub"", ""notes"": ""nan""}","{""players"": ""Zuedsta,Ckanic,flag=tr,EMSTAR,flag=tr"", ""notes"": ""nan""}",,,,
CCT/2026/Europe/Series 10#34,2026-10-08,CYBERSHOKE Esports,Nexus Gaming,[],[],"{""players"": ""bl1x1,glowiing,alpha,Mokuj1n,fluffy"", ""notes"": ""nan""}","{""players"": ""s0und,fNk,SBT,Nexius,shield"", ""notes"": ""nan""}",,,,
1win Private Club/2/Qualifier#4,2026-10-08,Betclic Apogee Esports,PRIVATE,[],"[{""date"": ""2026-09-25"", ""title"": ""1win Private Club Season 1"", ""text"": ""интервью: nan"", ""link"": ""https://www.hltv.org/gallery/13171"", ""source"": ""HLTV""}]","{""players"": ""Prism,demho,eskyy,flag=pl,POLO"", ""notes"": ""nan""}","{""players"": ""1eeR,sh1nejezzz,Sowalio,H4SAN4TOR,z1k4"", ""notes"": ""nan""}",,,,
NODWIN Gaming/Clutch Series/13/Play-In#11,2026-10-08,Lilmix,Fire Flux Esports,[],[],"{""players"": NaN, ""notes"": ""nan""}","{""players"": ""Cizzx,link=Quality (Turkish player),xEternaLxx,zemix,zer0UKY"", ""notes"": ""nan""}",,,,
CCT/2026/Europe/Series 11/Play-In#3,2026-10-08,Morrow Esports,Enjoy,[],[],"{""players"": ""flag=by,flag=ru,flag=ru,flag=ru,flag=ru"", ""notes"": ""nan""}","{""players"": ""link=nbl (Russian player),flag=ru,flag=ru,reyoz,flag=ru"", ""notes"": ""nan""}",,,,
CCT/2026/Europe/Series 10#35,2026-10-08,SINNERS Esports,Black Phoenix,[],[],"{""players"": ""beastik,SHOCK,kisserek,stressarN,MoDo"", ""notes"": ""nan""}","{""players"": ""4X1s,link=Salazar (Russian player),karnez,topo-,team=baks"", ""notes"": ""nan""}",,,,
1win Private Club/2/Qualifier#5,2026-10-08,Color,Nuclear TigeRES,[],[],"{""players"": ""lattykk,oz1k,cronuss,Qikert,reyoz,status=sub"", ""notes"": ""nan""}","{""players"": ""senka,flouzer,z1k4,m1QUSE,ayuki"", ""notes"": ""nan""}",,,,
CCT/2026/Europe/Series 11/Play-In#10,2026-10-09,mellren,Bebop,[],[],"{""players"": ""flag=ru,flag=ru,mdl,menddel,lollipop21k"", ""notes"": ""nan""}","{""players"": ""team=insilio,h1kaN,iDISBALANCE,team=cybershoke,team=sangal"", ""notes"": ""nan""}",,,,
1win Private Club/2/Qualifier#8,2026-10-09,HOTU,Acend,[],[],"{""players"": ""link=mizu (Russian player),kade0,frontales,n0rb3r7,dwushka"", ""notes"": ""nan""}","{""players"": ""SPELLAN,Skrimo,KalubeR,h4rn,REDSTAR"", ""notes"": ""nan""}",,,,
CCT/2026/Europe/Series 11/Play-In#11,2026-10-09,Honvéd Esport,6666 Esports,[],[],"{""players"": ""marTineZ,flag=hu,flag=hu,1NSERT2,noleN,played=true"", ""notes"": ""nan""}","{""players"": ""flag=ua,flag=md,rendysky,amster,kL1o"", ""notes"": ""July 18th - 6666 Esports sign rendysky, amster, and Player|kL1o|flag=ua .""}",,,,
CCT/2026/Europe/Series 11/Play-In#15,2026-10-09,WhiteBIT Academy,SAW Youngsters,[],[],"{""players"": ""flag=ua,flag=ua,flag=ua,marat2k,flag=ua"", ""notes"": ""nan""}","{""players"": ""flag=pt,flag=pt,flag=pt,flag=pt,flag=pt"", ""notes"": ""nan""}",,,,
CCT/2026/Europe/Series 11/Play-In#16,2026-10-09,Saint Sinners,antidaun,[],[],"{""players"": ""flag=by,deb0,Caleyy,flag=ru,flag=ru"", ""notes"": ""nan""}","{""players"": ""flag=nl,flag=fr,flag=hr,flag=ua,flag=pt"", ""notes"": ""nan""}",,,,
