rank,team,points
1,Spirit,1000
2,Vitality,676
3,FURIA,524
4,MOUZ,518
5,Falcons,478
6,Legacy,446
7,FUT,424
8,G2,391
9,Aurora,347
10,Natus Vincere,228
11,Astralis,176
12,MIBR,170
13,FaZe,159
14,B8,143
15,BETBOOM,143
16,The MongolZ,123
17,9z,120
18,magic,116
19,GamerLegion,112
20,3DMAX,103
21,PARIVISION,98
22,Alliance,81
23,Inner Circle,80
24,Liquid,77
25,M80,75
26,HEROIC,67
27,BIG,66
28,NRG,66
29,paiN,61
30,Luminosity,57
31,JiJieHao,55
32,100 Thieves,55
33,TYLOO,52
34,Lynn Vision,51
35,HOTU,51
36,5star,50
37,Ninjas in Pyjamas,50
38,Nemiga,47
39,K27,42
40,DENDELE,42
41,Wildcard,38
42,1win,36
43,Nemesis,33
44,SINNERS,33
45,EYEBALLERS,32
46,Eternal Fire,31
47,fnatic,31
48,FOKUS,29
49,Betclic,27
50,BBL,27
51,Virtus.pro,24
52,Imperial,22
53,Sangal,22
54,Color,20
55,Iberian Soul,19
56,Fluxo,19
57,Metizport,19
58,GenOne,18
59,Nuclear TigeRES,18
60,BC.Game,18
61,ex-Zero Tenacity,17
62,SAW,17
63,Johnny Speeds,16
64,Sashi,15
65,BET-M,15
66,WBT,14
67,Voca,14
68,Galorys,14
69,INOX Division,13
70,Phantom,13
71,Acend,13
72,ex-RUSTEC,13
73,Bushido Wildcats,12
74,INFINITE,12
75,OG,12
76,FORZE Reload,12
77,ShindeN,12
78,BESTIA,12
79,Black Phoenix,11
80,9INE,11
81,Bounty Hunters,11
82,FlyQuest,11
83,Prestige,10
84,SportsBetExpert,10
85,UPGRADE,10
86,6666,10
87,ASTRAL,10
88,EAC,10
89,Butterfly,9
90,Without a Roof,9
91,LAG,9
92,RBLS,9
93,Marsborne,9
94,QUAZAR,9
95,CYBERSHOKE,9
96,BASEMENT BOYS,9
97,Leo,9
98,aimclub,9
99,Inner Circle Academy,9
100,Four Magic,9
101,DEPO,8
102,UNiTY,8
103,Rare Atom,8
104,PRIVATE,8
105,BRUTE,8
106,Turma do Pagode,8
107,LP,8
108,WBT Academy,7
109,Fire Flux,7
110,BAKS,7
111,mellren,7
112,Misa,7
113,NAVI Junior,7
114,ALKA,7
115,Ground Zero,6
116,Illyrians,6
117,Noir Verse,6
118,Lavked,6
119,NT,6
120,INFURITY,6
121,NEXVOID,6
122,Spirit Academy,6
123,WW,6
124,ABT,6
125,Overtake Sector,6
126,HAVU,6
127,Procyon,6
128,LPH,6
129,PCIFIC,6
130,Yawara,5
131,G2 Ares,5
132,ENCE,5
133,Alter Ego,5
134,STATE,5
135,Drama,5
136,Just Players,5
137,Vexar,5
138,Rune Eaters,5
139,The Huns,5
140,SAW Youngsters,5
141,Honvéd,5
142,Spirit HU,5
143,Nordic Partners,5
144,MOUZ NXT,5
145,Abyssal,5
146,HYPERSPIRIT,5
147,Desi Boyz,5
148,Nexus,5
149,FaZe Up Next,5
150,Kaleido,5
151,QUINTESSÊNCIA,5
152,Optibet,5
153,Walczaki,5
154,Revise,4
155,Keyd Stars,4
156,Young TigeRES,4
157,Spirit Academy Green,4
158,Omega,4
159,Entropy,4
160,REVENIX,4
161,Falcons Force,4
162,The Last Resort,4
163,benched gods,4
164,megoshort,4
165,Famalicão,4
166,Chinggis Warriors,4
167,THUNDER dOWNUNDER,4
168,GENESIS,4
169,Iowa Stormboar,4
170,Azuolas,4
171,Rooster,4
172,BORRACHEIROS,4
173,Phantom Academy,4
174,Chicken Coop,4
175,Ryvex,4
176,Isurus,3
177,KUUSAMO,3
178,BESTIA Academy,3
179,EMPIRE,3
180,Enjoy,3
181,Just Swing,3
182,MAYBE,3
183,Olympus,3
184,Vitalem Aerem,3
185,LFO 8,3
186,5dads,3
187,A Great Chaos,3
188,regain,3
189,BERG,3
190,FarmVille,3
191,Nas,3
192,Finishers,3
193,Villainous,3
194,eSuba,3
195,DETONATE,3
196,Grêmio,3
197,ex-Arcade,3
198,Bebop,3
199,Mindfreak,3
200,B8 Academy,3
201,METANOIA Wolves,3
202,PsychoFace,3
203,Diamant,3
204,NEW VISION,2
205,Legion,2
206,NuTorious,2
207,The Golden Horde,2
208,F5,2
209,PURE,2
210,MASONIC,2
211,Zomblers,2
212,Younglings,2
213,your end,2
214,Omen,2
215,BIG Academy,2
216,Beyond Limits,2
217,BOJONG,2
218,RED Canids Academy,2
219,eternal premium,2
220,XDM,2
221,DONSTU,2
222,MIBR fe,2
223,Wanted Goons,2
224,Xcity,2
225,RUSH,2
226,Club 333,1
227,OxinGame,1
228,ROUNDS,1
229,Lazer Cats,1
230,SINQU,1
231,Zetta,1
232,DAMAJUANA,1
233,ODDIK Academy,1
234,BGNS Orange,1
235,Fortress,1
236,train launcher,1
237,NOVAQ,1
238,XI,1
239,Strael Bora,1
240,Lilmix,1
241,Shimmer,1
242,Privateer,1
243,The QUBE,1
244,KODEX,1
245,Sementes do Mal,1
246,THE UNIT,1
247,Arch,1
248,JUMBO,1
249,FlyQuest RED,0
250,Game Point,0
251,WAZABI,0
