date,title,description,link,source
2026-10-04,Short news: Week 39,Catch up with more Counter-Strike news in bite-sized pieces.,https://www.hltv.org/news/45587/short-news-week-39,HLTV
2026-10-04,Falcons sweep Aurora to stay flawless at EPL,"Falcons are yet to drop a map in Katowice, although Aurora made them sweat on Dust2.",https://www.hltv.org/news/45631/falcons-sweep-aurora-to-stay-flawless-at-epl,HLTV
2026-10-05,Short news: Week 40,Catch up with more Counter-Strike news in bite-sized pieces.,https://www.hltv.org/news/45641/short-news-week-40,HLTV
2026-10-05,Sashi target Asian VRS with Australian duo,The Danish organization has made a shock move as it looks to boost its Major qualification chances.,https://www.hltv.org/news/45639/sashi-target-asian-vrs-with-australian-duo,HLTV
2026-10-05,The MongolZ sign nin9 and bring back cobrazera,The 28-year-old rejoins the team he played for at the beginning of his career.,https://www.hltv.org/news/45638/the-mongolz-sign-nin9-and-bring-back-cobrazera,HLTV
2026-10-04,"Boombl4 on veto mind games: ""We were [16-4] on Dust2, and it's 0 maps played last 3 months""",Dust2 remains up BetBoom's sleeve as they embark on an attempt at another playoff run.,https://www.hltv.org/news/45636/boombl4-on-veto-mind-games-we-were-16-4-on-dust2-and-its-0-maps-played-last-3-months,HLTV
2026-10-04,Astralis beat Nemiga to win Stake Ranked Episode 4 and lift first LAN trophy since 2019,"The Danish-majority lineup won the $100,000 event after an incredible lower bracket run.",https://www.hltv.org/news/45637/astralis-beat-nemiga-to-win-stake-ranked-episode-4-and-lift-first-lan-trophy-since-2019,HLTV
2026-10-04,The best highlights from EPL S24 groups,Keep up with the best plays as the Swiss group stage of the $1 million tournament unfolds over the next five days in Katowice.,https://www.hltv.org/news/45619/the-best-highlights-from-epl-s24-groups,HLTV
2026-10-04,Vitality beat NAVI as EPL S24 day two concludes,Vitality and Falcons will face off in a rematch of the Cologne Major quarter-finals for a spot in the playoffs.,https://www.hltv.org/news/45635/vitality-beat-navi-as-epl-s24-day-two-concludes,HLTV
2026-10-04,"BELCHONOKK: ""I feel much more comfortable now; in PARIVISION we had high expectations""",1win have put BELCHONOKK in star roles and he delivered against G2 with a 100 ADR decider.,https://www.hltv.org/news/45632/belchonokk-i-feel-much-more-comfortable-now-in-parivision-we-had-high-expectations,HLTV
2026-10-04,"OG overhaul roster with Ex3rcice, nut nut, and Chucky signings",The team will begin anew on the VRS with a new core.,https://www.hltv.org/news/45634/og-overhaul-roster-with-ex3rcice-nut-nut-and-chucky-signings,HLTV
2026-10-04,G2 facing elimination in EPL after 1win loss,huNter-'s troops are one loss away from an early exit in Katowice.,https://www.hltv.org/news/45633/g2-facing-elimination-in-epl-after-1win-loss,HLTV
