match_key,date,time,team1_id,team2_id,bestof,event,tier,lan,hltv,page,team1,team2
NODWIN Gaming/Clutch Series/13/Play-In#10,2026-10-08,"October 8, 2026 - 10:00 {{Abbr/CEST",lavked,fortress,3,NODWIN Gaming/Clutch Series/13,b,False,2399071,NODWIN Gaming/Clutch Series/13,lavked,Fortress Esport
CCT/2026/Europe/Series 11/Play-In#2,2026-10-08,"October 8, 2026 - 10:00 {{Abbr/CEST",los kogutos,illyrians,3,CCT/2026/Europe/Series 11,b,False,2399274,CCT/2026/Europe/Series 11,los kogutos,ILLYRIANS
CCT/2026/Europe/Series 10#33,2026-10-08,"October 8, 2026 - 10:00 {{Abbr/CEST",acend,ex-z10,3,CCT Europe 2026 Series #10,b,False,2398403,CCT/2026/Europe/Series 10,Acend,ex-Zero Tenacity
1win Private Club/2/Qualifier#7,2026-10-08,"October 8, 2026 - 11:00 {{Abbr/CEST",tpudcatb tpu,gl,3,1win Private Club/2,a,True,2398979,1win Private Club/2,33,GamerLegion
NODWIN Gaming/Clutch Series/13/Play-In#15,2026-10-08,"October 8, 2026 - 13:00 {{Abbr/CEST",enjoy.ru,6666,3,NODWIN Gaming/Clutch Series/13,b,False,2399073,NODWIN Gaming/Clutch Series/13,Enjoy,6666 Esports
CCT/2026/Europe/Series 11/Play-In#7,2026-10-08,"October 8, 2026 - 13:00 {{Abbr/CEST",azuolas,noir verse,3,CCT/2026/Europe/Series 11,b,False,2399275,CCT/2026/Europe/Series 11,Azuolas,Noir Verse
CCT/2026/Europe/Series 10#39,2026-10-08,"October 8, 2026 - 13:00 {{Abbr/CEST",nemiga,lavked,3,CCT Europe 2026 Series #10,b,False,2398404,CCT/2026/Europe/Series 10,Nemiga Gaming,lavked
1win Private Club/2/Qualifier#6,2026-10-08,"October 8, 2026 - 14:00 {{Abbr/CEST",team nemesis,sinners,3,1win Private Club/2,a,True,2398980,1win Private Club/2,Team Nemesis,SINNERS Esports
NODWIN Gaming/Clutch Series/13/Play-In#16,2026-10-08,"October 8, 2026 - 16:00 {{Abbr/CEST",azuolas,misa,3,NODWIN Gaming/Clutch Series/13,b,False,2399072,NODWIN Gaming/Clutch Series/13,Azuolas,Misa Esports
CCT/2026/Europe/Series 11/Play-In#8,2026-10-08,"October 8, 2026 - 16:00 {{Abbr/CEST",megoshort,fire flux,3,CCT/2026/Europe/Series 11,b,False,2399276,CCT/2026/Europe/Series 11,megoshort,Fire Flux Esports
CCT/2026/Europe/Series 10#34,2026-10-08,"October 8, 2026 - 16:00 {{Abbr/CEST",cybershoke,nexus,3,CCT Europe 2026 Series #10,b,False,2398405,CCT/2026/Europe/Series 10,CYBERSHOKE Esports,Nexus Gaming
1win Private Club/2/Qualifier#4,2026-10-08,"October 8, 2026 - 17:00 {{Abbr/CEST",apogee,private,3,1win Private Club/2,a,True,2398981,1win Private Club/2,Betclic Apogee Esports,PRIVATE
ESL/Challenger League/Season 52/South America/Cup 3#8,2026-10-08,"October 8, 2026 - 18:00 {{Abbr/BRT",gremio,yawara,3,ESL Challenger League Season 52: South America - Cup #3,b,False,2399184,ESL/Challenger League/Season 52/South America/Cup 3,Grêmio Esports,Yawara E-Sports
ESL/Challenger League/Season 52/South America/Cup 3#9,2026-10-08,"October 8, 2026 - 18:00 {{Abbr/BRT",isurus,ex-keyd stars,3,ESL Challenger League Season 52: South America - Cup #3,b,False,2399185,ESL/Challenger League/Season 52/South America/Cup 3,Isurus,ex-Keyd Stars
ESL/Challenger League/Season 52/South America/Cup 3#10,2026-10-08,"October 8, 2026 - 18:00 {{Abbr/BRT",bounty.br,alka gaming,3,ESL Challenger League Season 52: South America - Cup #3,b,False,2399186,ESL/Challenger League/Season 52/South America/Cup 3,Bounty Hunters Esports,Alka Esports
ESL/Challenger League/Season 52/South America/Cup 3#11,2026-10-08,"October 8, 2026 - 18:00 {{Abbr/BRT",turma do pagode,largadosypelados,3,ESL Challenger League Season 52: South America - Cup #3,b,False,2399187,ESL/Challenger League/Season 52/South America/Cup 3,Turma do Pagode,LargadosyPelados
ESL/Challenger League/Season 52/South America/Cup 3#15,2026-10-08,"October 8, 2026 - 18:00 {{Abbr/BRT",galorys,low cortisol,3,ESL Challenger League Season 52: South America - Cup #3,b,False,2399188,ESL/Challenger League/Season 52/South America/Cup 3,Galorys,Low Cortisol
ESL/Challenger League/Season 52/South America/Cup 3#16,2026-10-08,"October 8, 2026 - 18:00 {{Abbr/BRT",meia noite,quintessência,3,ESL Challenger League Season 52: South America - Cup #3,b,False,2399189,ESL/Challenger League/Season 52/South America/Cup 3,MEIA NOITE,QUINTESSÊNCIA
ESL/Challenger League/Season 52/South America/Cup 3#17,2026-10-08,"October 8, 2026 - 18:00 {{Abbr/BRT",procyon,bestia academy,3,ESL Challenger League Season 52: South America - Cup #3,b,False,2399190,ESL/Challenger League/Season 52/South America/Cup 3,Procyon Team,BESTIA Academy
ESL/Challenger League/Season 52/South America/Cup 3#18,2026-10-08,"October 8, 2026 - 18:00 {{Abbr/BRT",borracheiros,metanoia wolves,3,ESL Challenger League Season 52: South America - Cup #3,b,False,2399191,ESL/Challenger League/Season 52/South America/Cup 3,BORRACHEIROS,Metanoia Wolves
NODWIN Gaming/Clutch Series/13/Play-In#11,2026-10-08,"October 8, 2026 - 19:00 {{Abbr/CEST",lilmix,fire flux,3,NODWIN Gaming/Clutch Series/13,b,False,2399074,NODWIN Gaming/Clutch Series/13,Lilmix,Fire Flux Esports
CCT/2026/Europe/Series 11/Play-In#3,2026-10-08,"October 8, 2026 - 19:00 {{Abbr/CEST",morrow esports,enjoy.ru,3,CCT/2026/Europe/Series 11,b,False,2399277,CCT/2026/Europe/Series 11,Morrow Esports,Enjoy
CCT/2026/Europe/Series 10#35,2026-10-08,"October 8, 2026 - 19:00 {{Abbr/CEST",sinners,black phoenix,3,CCT Europe 2026 Series #10,b,False,2398406,CCT/2026/Europe/Series 10,SINNERS Esports,Black Phoenix
1win Private Club/2/Qualifier#5,2026-10-08,"October 8, 2026 - 20:00 {{Abbr/CEST",color,nuclear tigeres,3,1win Private Club/2,a,True,2398982,1win Private Club/2,Color,Nuclear TigeRES
ESL/Challenger League/Season 52/North America/Cup 3#7,2026-10-08,"October 8, 2026 - 21:00 {{Abbr/EDT",chicken coop,detonate,3,ESL Challenger League Season 52: North America - Cup #3,b,False,2399213,ESL/Challenger League/Season 52/North America/Cup 3,Chicken Coop Esports,DETONATE
ESL/Challenger League/Season 52/North America/Cup 3#8,2026-10-08,"October 8, 2026 - 21:00 {{Abbr/EDT",farmville,overtake sector,3,ESL Challenger League Season 52: North America - Cup #3,b,False,2399214,ESL/Challenger League/Season 52/North America/Cup 3,FarmVille,Overtake Sector
ESL/Challenger League/Season 52/North America/Cup 3#9,2026-10-08,"October 8, 2026 - 21:00 {{Abbr/EDT",regain,iowa stormboar,3,ESL Challenger League Season 52: North America - Cup #3,b,False,2399215,ESL/Challenger League/Season 52/North America/Cup 3,regain,Iowa Stormboar
ESL/Challenger League/Season 52/North America/Cup 3#10,2026-10-08,"October 8, 2026 - 21:00 {{Abbr/EDT",zomblers,desi boyz,3,ESL Challenger League Season 52: North America - Cup #3,b,False,2399216,ESL/Challenger League/Season 52/North America/Cup 3,Zomblers,Desi Boyz
ESL/Challenger League/Season 52/North America/Cup 3#14,2026-10-08,"October 8, 2026 - 21:00 {{Abbr/EDT",villainous,ex-reign above,3,ESL Challenger League Season 52: North America - Cup #3,b,False,2399217,ESL/Challenger League/Season 52/North America/Cup 3,Villainous,ex-Reign Above
ESL/Challenger League/Season 52/North America/Cup 3#15,2026-10-08,"October 8, 2026 - 21:00 {{Abbr/EDT",day traders,wanted goons,3,ESL Challenger League Season 52: North America - Cup #3,b,False,2399218,ESL/Challenger League/Season 52/North America/Cup 3,Day Traders,Wanted Goons
ESL/Challenger League/Season 52/North America/Cup 3#16,2026-10-08,"October 8, 2026 - 21:00 {{Abbr/EDT",club 333,overknight,3,ESL Challenger League Season 52: North America - Cup #3,b,False,2399219,ESL/Challenger League/Season 52/North America/Cup 3,Club 333,OverKnight
CCT/2026/Europe/Series 10#43,2026-10-09,"October 9, 2026",iberian soul,noir verse,3,CCT Europe 2026 Series #10,b,False,,CCT/2026/Europe/Series 10,Iberian Soul,Noir Verse
CCT/2026/Europe/Series 11/Play-In#10,2026-10-09,"October 9, 2026 - 10:00 {{Abbr/CEST",mellren,bebop,3,CCT/2026/Europe/Series 11,b,False,2399278,CCT/2026/Europe/Series 11,mellren,Bebop
ESL/Pro League/Season 24#34,2026-10-09,"October 9, 2026 - 10:30 {{Abbr/CEST",1win,aurora,3,ESL Pro League Season 24,s,True,2398750,ESL/Pro League/Season 24,1w Team,Aurora Gaming
1win Private Club/2/Qualifier#8,2026-10-09,"October 9, 2026 - 11:00 {{Abbr/CEST",hotu,acend,3,1win Private Club/2,a,True,2398983,1win Private Club/2,HOTU,Acend
ESL/Pro League/Season 24#33,2026-10-09,"October 9, 2026 - 13:00 {{Abbr/CEST",vit,parivision,3,ESL Pro League Season 24,s,True,2398751,ESL/Pro League/Season 24,Team Vitality,PARIVISION
CCT/2026/Europe/Series 11/Play-In#11,2026-10-09,"October 9, 2026 - 13:00 {{Abbr/CEST",honved,6666,3,CCT/2026/Europe/Series 11,b,False,2399279,CCT/2026/Europe/Series 11,Honvéd Esport,6666 Esports
ESL/Pro League/Season 24#36,2026-10-09,"October 9, 2026 - 15:30 {{Abbr/CEST",furia,mouz,3,ESL Pro League Season 24,s,True,2398752,ESL/Pro League/Season 24,FURIA,MOUZ
CCT/2026/Europe/Series 11/Play-In#15,2026-10-09,"October 9, 2026 - 16:00 {{Abbr/CEST",whitebit academy,saw youngsters,3,CCT/2026/Europe/Series 11,b,False,2399280,CCT/2026/Europe/Series 11,WhiteBIT Academy,SAW Youngsters
1win Private Club/2/Qualifier#9,2026-10-09,"October 9, 2026 - 17:00 {{Abbr/CEST",k27,fnc,3,1win Private Club/2,a,True,2398985,1win Private Club/2,K27,Fnatic
ESL/Pro League/Season 24#35,2026-10-09,"October 9, 2026 - 18:00 {{Abbr/CEST",falcons,spirit,3,ESL Pro League Season 24,s,True,2398753,ESL/Pro League/Season 24,Team Falcons,Team Spirit
CCT/2026/Europe/Series 11/Play-In#16,2026-10-09,"October 9, 2026 - 19:00 {{Abbr/CEST",saint sinners,antidaun,3,CCT/2026/Europe/Series 11,b,False,2399281,CCT/2026/Europe/Series 11,Saint Sinners,antidaun
Stake Pulse/Beat III#0,2026-10-12,"October 12, 2026 - 12:00 {{Abbr/CEST",inner circle,sangal,3,Stake Pulse Beat III,b,True,2399130,Stake Pulse/Beat III,IC Esports,Sangal Esports
Stake Pulse/Beat III#1,2026-10-12,"October 12, 2026 - 12:00 {{Abbr/CEST",nip,apogee,3,Stake Pulse Beat III,b,True,2399131,Stake Pulse/Beat III,Ninjas in Pyjamas,Betclic Apogee Esports
Stake Pulse/Beat III#5,2026-10-13,"October 13, 2026 - 12:00 {{Abbr/CEST",tl,bbl,3,Stake Pulse Beat III,b,True,2399132,Stake Pulse/Beat III,Team Liquid,BBL Esports
Stake Pulse/Beat III#6,2026-10-13,"October 13, 2026 - 12:00 {{Abbr/CEST",100t,jjh,3,Stake Pulse Beat III,b,True,2399133,Stake Pulse/Beat III,100 Thieves,JiJieHao
Stake Pulse/Beat III#10,2026-10-14,"October 14, 2026 - 12:00 {{Abbr/CEST",astralis,sashi,3,Stake Pulse Beat III,b,True,2399134,Stake Pulse/Beat III,Astralis,Sashi Esport
Stake Pulse/Beat III#11,2026-10-14,"October 14, 2026 - 12:00 {{Abbr/CEST",hotu,fnc,3,Stake Pulse Beat III,b,True,2399135,Stake Pulse/Beat III,HOTU,Fnatic
Stake Pulse/Beat III#15,2026-10-15,"October 15, 2026 - 12:00 {{Abbr/CEST",mibr,bc.game,3,Stake Pulse Beat III,b,True,2399136,Stake Pulse/Beat III,MIBR,BC.Game Esports
Stake Pulse/Beat III#16,2026-10-15,"October 15, 2026 - 12:00 {{Abbr/CEST",heroic,envy,3,Stake Pulse Beat III,b,True,2399137,Stake Pulse/Beat III,HEROIC,ENVY
